Currency,Amount
SOL,21.000000
LTC,12.000000
DOGE,0.180000
XRP,1.000000
