Currency,Amount
BTC,3.000000
ETH,2.000000
ADA,0.300000
